verb_class,noun_class
0,0
0,1
0,2
0,3
0,4
0,5
0,6
0,7
0,8
0,9
0,10
0,11
0,12
0,13
0,14
0,15
0,16
0,17
0,18
0,19
0,20
0,21
0,22
0,23
0,24
0,25
0,26
0,27
0,28
0,29
0,30
0,31
0,32
0,33
0,34
0,35
0,36
0,37
0,38
0,39
0,40
0,41
0,42
0,43
0,44
0,45
0,46
0,47
0,48
0,49
0,50
0,51
0,52
0,53
0,54
0,55
0,56
0,57
0,58
0,59
0,60
0,61
0,62
0,63
0,64
0,66
0,67
0,68
0,69
0,70
0,71
0,72
0,73
0,74
0,75
0,76
0,77
0,78
0,79
0,80
0,81
0,82
0,83
0,84
0,85
0,86
0,87
0,88
0,89
0,91
0,93
0,94
0,95
0,96
0,97
0,98
0,99
0,100
0,101
0,102
0,103
0,104
0,105
0,106
0,107
0,108
0,109
0,110
0,111
0,112
0,113
0,115
0,116
0,117
0,118
0,119
0,120
0,121
0,122
0,123
0,125
0,126
0,127
0,128
0,129
0,130
0,131
0,132
0,133
0,134
0,135
0,136
0,137
0,138
0,139
0,140
0,141
0,142
0,143
0,144
0,145
0,146
0,147
0,148
0,149
0,150
0,151
0,152
0,153
0,154
0,155
0,156
0,157
0,158
0,159
0,160
0,161
0,162
0,163
0,164
0,165
0,166
0,167
0,168
0,169
0,170
0,171
0,172
0,173
0,174
0,175
0,176
0,177
0,178
0,180
0,181
0,182
0,183
0,184
0,185
0,186
0,187
0,188
0,189
0,192
0,193
0,195
0,196
0,197
0,198
0,199
0,200
0,201
0,202
0,203
0,204
0,206
0,207
0,208
0,209
0,210
0,211
0,212
0,213
0,215
0,216
0,217
0,218
0,219
0,220
0,221
0,223
0,224
0,225
0,226
0,227
0,228
0,229
0,230
0,231
0,232
0,233
0,234
0,235
0,236
0,237
0,239
0,241
0,243
0,244
0,245
0,246
0,248
0,249
0,250
0,251
0,252
0,254
0,256
0,257
0,259
0,261
0,262
0,264
0,265
0,266
0,268
0,269
0,271
0,272
0,273
0,277
0,279
0,280
0,281
0,282
0,283
0,284
0,287
0,293
0,298
1,0
1,1
1,2
1,3
1,4
1,5
1,6
1,7
1,8
1,9
1,10
1,12
1,13
1,14
1,15
1,16
1,17
1,18
1,19
1,20
1,21
1,22
1,23
1,24
1,25
1,26
1,27
1,28
1,29
1,30
1,31
1,32
1,33
1,34
1,35
1,36
1,37
1,38
1,39
1,40
1,41
1,42
1,43
1,44
1,45
1,46
1,47
1,48
1,49
1,50
1,51
1,52
1,53
1,54
1,55
1,56
1,57
1,58
1,59
1,60
1,61
1,62
1,63
1,64
1,66
1,67
1,68
1,69
1,70
1,71
1,72
1,73
1,74
1,75
1,76
1,77
1,78
1,79
1,80
1,81
1,82
1,83
1,84
1,85
1,86
1,87
1,88
1,89
1,91
1,93
1,94
1,95
1,96
1,97
1,98
1,99
1,100
1,101
1,102
1,103
1,104
1,105
1,106
1,107
1,108
1,109
1,110
1,111
1,112
1,113
1,114
1,115
1,116
1,117
1,118
1,119
1,120
1,121
1,122
1,123
1,124
1,125
1,126
1,127
1,128
1,129
1,130
1,131
1,132
1,133
1,134
1,135
1,136
1,137
1,138
1,139
1,140
1,141
1,142
1,143
1,144
1,145
1,146
1,147
1,148
1,149
1,150
1,151
1,152
1,153
1,154
1,155
1,156
1,158
1,159
1,160
1,161
1,162
1,163
1,164
1,165
1,166
1,167
1,168
1,169
1,170
1,171
1,172
1,173
1,174
1,175
1,176
1,177
1,178
1,180
1,181
1,182
1,183
1,184
1,185
1,186
1,187
1,188
1,192
1,193
1,195
1,196
1,197
1,198
1,199
1,200
1,201
1,202
1,203
1,206
1,207
1,208
1,209
1,211
1,212
1,213
1,214
1,216
1,217
1,218
1,219
1,220
1,221
1,222
1,223
1,224
1,225
1,226
1,227
1,228
1,229
1,230
1,231
1,232
1,233
1,234
1,235
1,236
1,237
1,239
1,241
1,244
1,246
1,247
1,248
1,249
1,250
1,251
1,252
1,254
1,256
1,258
1,259
1,261
1,262
1,264
1,265
1,267
1,269
1,272
1,273
1,276
1,277
1,279
1,280
1,281
1,282
1,283
1,287
1,291
1,293
2,0
2,1
2,2
2,3
2,4
2,5
2,6
2,7
2,9
2,10
2,11
2,13
2,14
2,15
2,16
2,17
2,18
2,19
2,20
2,21
2,22
2,23
2,24
2,25
2,26
2,27
2,28
2,29
2,30
2,31
2,33
2,34
2,35
2,36
2,37
2,39
2,40
2,41
2,42
2,43
2,44
2,46
2,47
2,49
2,50
2,51
2,52
2,53
2,54
2,55
2,56
2,57
2,58
2,59
2,60
2,61
2,62
2,63
2,64
2,66
2,67
2,68
2,69
2,71
2,72
2,73
2,74
2,75
2,76
2,77
2,78
2,79
2,80
2,82
2,84
2,87
2,88
2,89
2,90
2,93
2,96
2,97
2,101
2,103
2,106
2,109
2,110
2,117
2,118
2,119
2,120
2,122
2,125
2,128
2,129
2,131
2,133
2,135
2,136
2,142
2,147
2,149
2,150
2,151
2,153
2,154
2,157
2,158
2,159
2,161
2,166
2,168
2,169
2,170
2,172
2,173
2,174
2,177
2,178
2,185
2,187
2,198
2,202
2,207
2,208
2,212
2,216
2,218
2,219
2,220
2,223
2,228
2,237
2,239
2,241
2,242
2,243
2,247
2,248
2,249
2,251
2,252
2,254
2,284
3,0
3,2
3,3
3,4
3,5
3,6
3,7
3,8
3,12
3,15
3,19
3,21
3,22
3,23
3,24
3,26
3,28
3,29
3,31
3,32
3,33
3,35
3,36
3,37
3,38
3,40
3,41
3,42
3,43
3,44
3,45
3,46
3,47
3,49
3,50
3,51
3,53
3,54
3,55
3,56
3,57
3,59
3,61
3,62
3,63
3,64
3,65
3,66
3,68
3,69
3,70
3,71
3,72
3,75
3,76
3,77
3,78
3,79
3,83
3,84
3,85
3,86
3,89
3,90
3,91
3,95
3,98
3,99
3,100
3,102
3,104
3,107
3,110
3,113
3,114
3,115
3,116
3,117
3,118
3,120
3,124
3,125
3,127
3,128
3,131
3,132
3,134
3,138
3,140
3,142
3,145
3,147
3,148
3,152
3,158
3,160
3,163
3,164
3,168
3,171
3,172
3,176
3,178
3,179
3,181
3,183
3,192
3,195
3,196
3,198
3,202
3,203
3,206
3,209
3,211
3,215
3,219
3,227
3,230
3,233
3,235
3,244
3,253
3,255
3,263
3,277
3,284
4,0
4,2
4,3
4,5
4,6
4,7
4,8
4,10
4,12
4,15
4,19
4,21
4,22
4,23
4,26
4,29
4,31
4,33
4,36
4,37
4,38
4,40
4,42
4,44
4,45
4,46
4,47
4,49
4,50
4,51
4,54
4,55
4,56
4,59
4,61
4,62
4,63
4,64
4,65
4,66
4,68
4,69
4,70
4,75
4,78
4,83
4,84
4,85
4,89
4,90
4,95
4,98
4,99
4,100
4,102
4,107
4,108
4,113
4,115
4,116
4,118
4,124
4,125
4,129
4,132
4,134
4,135
4,138
4,139
4,140
4,142
4,145
4,147
4,148
4,152
4,156
4,158
4,164
4,165
4,168
4,172
4,179
4,181
4,183
4,184
4,192
4,206
4,209
4,211
4,219
4,230
4,244
4,277
5,0
5,1
5,2
5,3
5,4
5,5
5,6
5,7
5,8
5,9
5,10
5,11
5,12
5,13
5,14
5,15
5,16
5,17
5,18
5,19
5,20
5,21
5,22
5,23
5,24
5,25
5,26
5,27
5,28
5,29
5,30
5,31
5,32
5,33
5,34
5,35
5,36
5,37
5,38
5,39
5,40
5,41
5,42
5,43
5,45
5,46
5,47
5,48
5,49
5,50
5,51
5,52
5,53
5,54
5,55
5,56
5,57
5,58
5,59
5,60
5,61
5,62
5,63
5,64
5,66
5,67
5,68
5,69
5,70
5,71
5,72
5,73
5,75
5,76
5,77
5,78
5,79
5,80
5,81
5,82
5,83
5,85
5,86
5,87
5,89
5,90
5,91
5,93
5,94
5,95
5,96
5,97
5,98
5,99
5,100
5,101
5,102
5,103
5,104
5,105
5,106
5,107
5,108
5,109
5,110
5,112
5,113
5,115
5,116
5,117
5,118
5,119
5,120
5,121
5,122
5,123
5,125
5,127
5,128
5,129
5,131
5,132
5,133
5,134
5,135
5,136
5,137
5,138
5,139
5,141
5,142
5,143
5,144
5,145
5,146
5,147
5,148
5,150
5,151
5,152
5,153
5,154
5,155
5,156
5,158
5,161
5,162
5,163
5,164
5,165
5,166
5,168
5,169
5,170
5,171
5,172
5,173
5,174
5,176
5,178
5,180
5,181
5,183
5,184
5,185
5,187
5,188
5,189
5,195
5,196
5,198
5,200
5,202
5,203
5,204
5,206
5,207
5,208
5,209
5,210
5,211
5,214
5,217
5,218
5,223
5,224
5,226
5,227
5,228
5,229
5,231
5,232
5,233
5,234
5,236
5,241
5,242
5,243
5,247
5,250
5,254
5,255
5,257
5,258
5,259
5,261
5,265
5,266
5,268
5,269
5,276
6,0
6,2
6,5
6,6
6,15
6,22
6,24
6,27
6,42
6,43
6,44
6,46
6,50
6,65
6,70
6,82
6,90
6,92
6,108
6,111
6,114
6,124
6,130
6,147
6,152
6,165
6,179
6,186
6,190
6,225
6,238
6,245
6,250
6,267
6,280
7,2
7,4
7,14
7,16
7,18
7,19
7,21
7,22
7,25
7,26
7,28
7,30
7,32
7,33
7,37
7,41
7,42
7,43
7,45
7,47
7,48
7,49
7,51
7,54
7,56
7,57
7,62
7,67
7,68
7,69
7,72
7,74
7,76
7,78
7,81
7,83
7,86
7,89
7,91
7,94
7,95
7,100
7,101
7,103
7,105
7,107
7,116
7,117
7,119
7,120
7,121
7,122
7,125
7,128
7,131
7,133
7,144
7,146
7,151
7,155
7,156
7,161
7,162
7,163
7,164
7,167
7,169
7,171
7,173
7,175
7,176
7,185
7,187
7,188
7,194
7,207
7,208
7,210
7,213
7,216
7,223
7,224
7,239
7,246
7,253
7,255
7,260
7,266
7,268
7,273
7,281
8,0
8,5
8,24
8,29
8,42
8,44
8,46
8,50
8,54
8,65
8,70
8,82
8,90
8,92
8,108
8,111
8,114
8,124
8,147
8,165
8,179
8,186
8,190
8,225
8,238
8,267
9,1
9,2
9,5
9,7
9,10
9,13
9,15
9,16
9,19
9,21
9,22
9,23
9,26
9,27
9,28
9,29
9,30
9,31
9,32
9,34
9,35
9,36
9,37
9,38
9,40
9,43
9,44
9,45
9,47
9,51
9,52
9,53
9,54
9,55
9,56
9,57
9,59
9,62
9,63
9,64
9,68
9,69
9,71
9,75
9,76
9,78
9,81
9,83
9,85
9,86
9,93
9,94
9,95
9,98
9,99
9,101
9,102
9,104
9,105
9,115
9,116
9,117
9,120
9,122
9,126
9,127
9,128
9,131
9,133
9,134
9,138
9,143
9,145
9,150
9,155
9,162
9,163
9,169
9,177
9,178
9,183
9,185
9,188
9,192
9,193
9,195
9,200
9,203
9,206
9,208
9,209
9,214
9,215
9,223
9,231
9,232
9,234
9,244
9,257
9,264
9,268
9,274
9,279
9,284
9,299
10,1
10,4
10,5
10,7
10,13
10,16
10,20
10,25
10,27
10,28
10,29
10,30
10,31
10,32
10,33
10,34
10,37
10,38
10,41
10,43
10,45
10,47
10,50
10,51
10,53
10,55
10,56
10,57
10,59
10,62
10,64
10,68
10,69
10,71
10,72
10,75
10,76
10,78
10,80
10,81
10,85
10,86
10,94
10,95
10,98
10,99
10,101
10,102
10,104
10,115
10,116
10,117
10,119
10,120
10,121
10,125
10,126
10,127
10,128
10,131
10,132
10,133
10,138
10,143
10,150
10,155
10,160
10,162
10,163
10,173
10,178
10,183
10,193
10,196
10,198
10,203
10,209
10,257
10,258
10,274
10,276
11,0
11,1
11,2
11,3
11,4
11,5
11,6
11,7
11,8
11,9
11,10
11,11
11,12
11,13
11,14
11,15
11,16
11,17
11,18
11,19
11,20
11,21
11,22
11,23
11,24
11,25
11,26
11,27
11,28
11,29
11,30
11,31
11,32
11,33
11,34
11,35
11,36
11,37
11,38
11,39
11,40
11,41
11,42
11,43
11,44
11,45
11,46
11,47
11,48
11,49
11,50
11,51
11,52
11,53
11,54
11,55
11,56
11,57
11,58
11,59
11,60
11,61
11,64
11,66
11,67
11,68
11,69
11,71
11,72
11,73
11,74
11,75
11,76
11,77
11,78
11,79
11,80
11,81
11,82
11,83
11,84
11,85
11,86
11,87
11,88
11,89
11,91
11,93
11,94
11,95
11,96
11,97
11,98
11,99
11,100
11,101
11,102
11,103
11,104
11,105
11,106
11,107
11,108
11,109
11,110
11,119
11,121
11,123
11,124
11,125
11,129
11,134
11,135
11,136
11,140
11,144
11,147
11,148
11,149
11,151
11,152
11,153
11,154
11,156
11,158
11,159
11,160
11,161
11,162
11,164
11,166
11,168
11,170
11,171
11,172
11,174
11,178
11,182
11,188
11,191
11,192
11,195
11,204
11,220
11,221
11,228
11,233
11,241
11,243
11,247
11,249
11,253
11,257
11,265
11,282
11,285
11,291
11,298
12,1
12,2
12,4
12,5
12,6
12,7
12,8
12,9
12,10
12,11
12,12
12,13
12,15
12,16
12,18
12,19
12,21
12,23
12,24
12,25
12,26
12,27
12,28
12,29
12,30
12,31
12,32
12,33
12,34
12,35
12,36
12,37
12,38
12,39
12,40
12,41
12,42
12,43
12,44
12,45
12,47
12,48
12,49
12,50
12,51
12,53
12,54
12,55
12,57
12,59
12,60
12,61
12,62
12,64
12,66
12,67
12,68
12,69
12,70
12,71
12,72
12,73
12,74
12,75
12,76
12,77
12,78
12,80
12,81
12,82
12,83
12,84
12,85
12,86
12,89
12,90
12,91
12,93
12,95
12,98
12,99
12,100
12,101
12,102
12,103
12,104
12,107
12,108
12,109
12,112
12,114
12,115
12,117
12,118
12,119
12,120
12,122
12,123
12,124
12,125
12,128
12,129
12,131
12,132
12,135
12,139
12,141
12,143
12,146
12,147
12,151
12,152
12,153
12,155
12,159
12,160
12,161
12,165
12,166
12,168
12,171
12,173
12,174
12,176
12,178
12,184
12,185
12,187
12,189
12,194
12,195
12,198
12,199
12,202
12,203
12,204
12,206
12,210
12,212
12,218
12,222
12,226
12,228
12,230
12,247
12,248
12,255
12,256
12,257
12,258
12,269
12,272
12,276
13,0
13,1
13,2
13,5
13,6
13,7
13,9
13,10
13,13
13,15
13,16
13,17
13,19
13,21
13,23
13,26
13,27
13,28
13,29
13,30
13,31
13,32
13,33
13,34
13,36
13,37
13,39
13,40
13,41
13,42
13,43
13,44
13,45
13,48
13,49
13,51
13,53
13,54
13,57
13,59
13,60
13,61
13,62
13,63
13,68
13,69
13,72
13,75
13,76
13,77
13,78
13,86
13,88
13,89
13,93
13,95
13,96
13,100
13,101
13,102
13,104
13,105
13,107
13,116
13,117
13,118
13,122
13,123
13,128
13,132
13,141
13,151
13,173
13,184
13,185
13,189
13,199
13,203
13,228
13,232
13,235
13,239
13,256
13,269
14,1
14,2
14,4
14,5
14,6
14,7
14,9
14,10
14,11
14,13
14,14
14,17
14,18
14,20
14,21
14,23
14,24
14,29
14,34
14,35
14,39
14,40
14,42
14,43
14,50
14,58
14,60
14,66
14,74
14,79
14,82
14,87
14,97
14,106
14,109
14,110
14,117
14,129
14,135
14,140
14,154
14,156
14,158
14,159
14,161
14,166
14,170
14,187
14,228
14,249
14,252
15,1
15,2
15,4
15,5
15,6
15,7
15,10
15,11
15,13
15,14
15,15
15,16
15,17
15,18
15,19
15,20
15,21
15,22
15,23
15,24
15,25
15,26
15,27
15,29
15,32
15,35
15,37
15,38
15,39
15,40
15,43
15,45
15,47
15,50
15,52
15,53
15,54
15,55
15,57
15,58
15,60
15,61
15,64
15,66
15,68
15,72
15,74
15,76
15,77
15,79
15,80
15,82
15,84
15,87
15,89
15,94
15,96
15,103
15,109
15,110
15,112
15,117
15,119
15,125
15,127
15,150
15,166
15,170
15,173
15,174
15,183
15,187
15,208
15,209
15,212
15,219
15,220
15,238
15,248
15,249
15,253
16,1
16,5
16,16
16,21
16,25
16,27
16,32
16,34
16,37
16,38
16,41
16,43
16,45
16,47
16,51
16,53
16,54
16,55
16,59
16,62
16,64
16,69
16,71
16,72
16,75
16,78
16,81
16,85
16,95
16,98
16,102
16,104
16,105
16,115
16,116
16,125
16,126
16,127
16,132
16,133
16,138
16,139
16,141
16,143
16,144
16,145
16,148
16,150
16,173
16,176
16,178
16,195
16,213
16,234
16,244
16,274
17,0
17,2
17,4
17,5
17,6
17,7
17,13
17,14
17,15
17,18
17,19
17,21
17,23
17,24
17,26
17,27
17,28
17,29
17,33
17,35
17,39
17,42
17,46
17,49
17,50
17,52
17,55
17,59
17,60
17,62
17,65
17,67
17,73
17,80
17,81
17,82
17,84
17,97
17,101
17,108
17,111
17,112
17,114
17,123
17,124
17,140
17,144
17,152
17,164
17,166
17,182
17,183
17,190
17,191
17,245
17,248
17,297
18,9
18,11
18,15
18,17
18,19
18,22
18,23
18,25
18,26
18,27
18,32
18,33
18,38
18,43
18,47
18,49
18,50
18,51
18,52
18,55
18,61
18,71
18,78
18,86
18,88
18,93
18,100
18,105
18,107
18,115
18,120
18,139
18,143
18,150
18,160
18,161
18,167
18,172
18,183
18,208
18,238
18,259
19,6
19,16
19,25
19,26
19,30
19,32
19,41
19,48
19,49
19,51
19,55
19,61
19,74
19,76
19,86
19,100
19,112
19,116
19,119
19,123
19,128
19,131
19,146
19,176
19,222
19,224
19,268
19,273
20,1
20,2
20,5
20,7
20,10
20,13
20,15
20,19
20,21
20,23
20,25
20,26
20,27
20,29
20,31
20,32
20,34
20,38
20,39
20,40
20,44
20,50
20,53
20,55
20,56
20,59
20,61
20,63
20,64
20,66
20,70
20,75
20,76
20,77
20,81
20,89
20,94
20,110
20,125
20,132
20,133
20,135
20,150
20,152
20,153
20,158
20,200
20,232
21,3
21,6
21,7
21,8
21,10
21,15
21,16
21,19
21,20
21,21
21,25
21,26
21,28
21,29
21,33
21,34
21,36
21,37
21,41
21,45
21,46
21,50
21,51
21,54
21,55
21,57
21,66
21,70
21,71
21,80
21,81
21,92
21,93
21,101
21,104
21,107
21,110
21,111
21,112
21,117
21,127
21,162
21,164
21,167
21,169
21,173
21,175
21,186
21,203
21,233
21,238
22,2
22,5
22,6
22,7
22,12
22,18
22,25
22,26
22,28
22,32
22,33
22,34
22,35
22,39
22,41
22,50
22,57
22,67
22,72
22,81
22,86
22,89
22,91
22,107
22,108
22,119
22,125
22,127
22,139
22,140
22,142
22,144
22,149
22,152
22,162
22,184
23,0
23,1
23,2
23,4
23,5
23,6
23,7
23,10
23,13
23,15
23,16
23,17
23,18
23,21
23,24
23,25
23,26
23,27
23,28
23,30
23,32
23,33
23,35
23,37
23,40
23,44
23,49
23,50
23,57
23,61
23,65
23,66
23,72
23,77
23,78
23,80
23,81
23,82
23,84
23,86
23,91
23,92
23,119
23,125
23,136
23,142
23,152
23,162
23,166
23,190
23,191
23,261
24,0
24,2
24,3
24,4
24,5
24,6
24,7
24,8
24,10
24,11
24,12
24,15
24,16
24,18
24,19
24,23
24,24
24,25
24,26
24,27
24,28
24,29
24,30
24,31
24,33
24,34
24,40
24,42
24,44
24,46
24,47
24,49
24,50
24,52
24,53
24,55
24,56
24,57
24,59
24,62
24,63
24,64
24,65
24,66
24,67
24,70
24,71
24,72
24,73
24,75
24,78
24,89
24,90
24,91
24,106
24,107
24,111
24,119
24,121
24,124
24,131
24,137
24,139
24,140
24,144
24,149
24,153
24,158
24,160
24,165
24,178
24,190
24,201
24,206
24,207
24,213
24,228
24,257
24,258
24,272
25,1
25,4
25,5
25,7
25,9
25,13
25,16
25,18
25,20
25,25
25,28
25,29
25,32
25,34
25,37
25,41
25,43
25,47
25,48
25,51
25,53
25,54
25,55
25,56
25,57
25,59
25,62
25,63
25,64
25,68
25,69
25,71
25,75
25,78
25,81
25,86
25,94
25,95
25,101
25,105
25,112
25,115
25,119
25,126
25,143
25,144
25,150
25,160
25,181
25,262
26,1
26,5
26,7
26,10
26,13
26,15
26,21
26,23
26,27
26,29
26,33
26,35
26,36
26,40
26,44
26,50
26,61
26,66
26,107
26,116
26,150
26,164
26,227
27,2
27,7
27,16
27,17
27,22
27,25
27,27
27,28
27,31
27,32
27,33
27,38
27,43
27,47
27,53
27,54
27,62
27,71
27,73
27,75
27,78
27,81
27,83
27,85
27,94
27,115
27,123
27,133
27,140
27,143
27,150
27,201
28,17
28,18
28,19
28,23
28,25
28,26
28,32
28,33
28,49
28,52
28,77
28,84
28,88
28,93
28,100
28,107
28,123
28,140
28,156
28,195
28,265
29,1
29,2
29,4
29,5
29,6
29,7
29,10
29,13
29,14
29,18
29,20
29,21
29,23
29,29
29,35
29,39
29,42
29,50
29,58
29,61
29,63
29,66
29,79
29,96
29,106
29,109
29,158
29,170
29,220
29,252
30,16
30,28
30,32
30,45
30,51
30,53
30,55
30,57
30,62
30,78
30,93
30,95
30,101
30,104
30,131
30,173
30,185
30,188
30,189
31,1
31,5
31,6
31,8
31,13
31,17
31,19
31,20
31,23
31,25
31,26
31,29
31,33
31,35
31,36
31,41
31,43
31,46
31,49
31,50
31,51
31,52
31,60
31,66
31,70
31,71
31,72
31,73
31,79
31,86
31,87
31,90
31,93
31,100
31,101
31,110
31,141
31,153
31,160
31,182
31,204
31,217
31,222
31,233
31,249
32,1
32,4
32,6
32,9
32,10
32,11
32,12
32,14
32,15
32,20
32,25
32,27
32,28
32,32
32,33
32,34
32,35
32,39
32,51
32,53
32,55
32,81
32,88
32,96
32,97
32,103
32,135
32,139
32,144
32,155
32,162
33,1
33,2
33,5
33,6
33,7
33,15
33,19
33,20
33,23
33,24
33,25
33,32
33,33
33,35
33,40
33,50
33,52
33,70
33,71
33,80
33,81
33,82
33,110
33,123
33,135
33,136
33,149
33,162
33,166
33,175
33,191
34,0
34,1
34,2
34,4
34,5
34,6
34,7
34,10
34,11
34,13
34,15
34,19
34,23
34,25
34,26
34,28
34,31
34,32
34,33
34,35
34,39
34,40
34,41
34,43
34,44
34,46
34,49
34,52
34,53
34,57
34,60
34,63
34,66
34,72
34,78
34,81
34,82
34,106
34,118
34,144
34,171
34,172
34,191
35,1
35,11
35,28
35,30
35,32
35,33
35,34
35,37
35,41
35,45
35,54
35,55
35,56
35,68
35,71
35,72
35,76
35,81
35,83
35,86
35,101
35,104
35,116
35,125
35,126
35,133
35,143
35,144
35,150
35,160
35,171
35,185
35,187
35,188
35,193
35,227
35,246
35,257
36,2
36,5
36,6
36,7
36,10
36,11
36,14
36,16
36,19
36,21
36,23
36,25
36,26
36,28
36,29
36,32
36,33
36,35
36,38
36,39
36,42
36,47
36,50
36,52
36,61
36,68
36,73
36,75
36,78
36,82
36,86
36,98
36,100
36,116
36,121
36,123
36,129
36,147
36,161
36,162
36,164
36,175
36,186
36,199
36,204
37,2
37,5
37,6
37,7
37,10
37,13
37,18
37,21
37,26
37,27
37,29
37,30
37,31
37,32
37,35
37,39
37,43
37,45
37,47
37,50
37,55
37,56
37,61
37,63
37,68
37,81
37,96
37,101
37,110
37,116
37,125
37,150
37,151
37,169
37,173
37,178
38,1
38,3
38,5
38,8
38,9
38,11
38,12
38,13
38,15
38,19
38,23
38,24
38,25
38,26
38,27
38,28
38,33
38,37
38,41
38,42
38,44
38,46
38,47
38,49
38,61
38,65
38,68
38,85
38,111
38,139
38,140
38,144
38,149
38,157
38,159
38,165
38,166
38,222
38,224
38,234
39,17
39,19
39,25
39,26
39,42
39,49
39,52
39,53
39,60
39,73
39,93
39,100
39,123
39,162
40,0
40,1
40,2
40,3
40,5
40,7
40,8
40,10
40,12
40,13
40,14
40,15
40,16
40,19
40,23
40,25
40,29
40,33
40,34
40,35
40,36
40,37
40,40
40,41
40,43
40,44
40,49
40,50
40,51
40,52
40,53
40,58
40,59
40,60
40,62
40,66
40,71
40,72
40,80
40,81
40,84
40,91
40,101
40,107
40,141
40,156
40,157
40,161
40,164
40,173
40,176
40,185
40,187
40,204
40,213
41,9
41,11
41,13
41,17
41,19
41,20
41,29
41,52
41,60
41,73
41,89
42,16
42,26
42,27
42,31
42,32
42,37
42,38
42,43
42,47
42,52
42,62
42,69
42,75
42,83
42,89
42,95
42,125
42,145
42,160
42,163
42,173
42,277
43,9
43,19
43,25
43,26
43,28
43,48
43,49
43,93
43,100
43,101
43,123
43,144
43,163
44,22
44,24
44,31
44,42
45,5
45,7
45,27
45,28
45,31
45,33
45,34
45,43
45,44
45,46
45,53
45,55
45,57
45,71
45,86
45,94
45,119
45,120
45,162
45,163
45,258
45,261
46,5
46,16
46,22
46,26
46,27
46,28
46,30
46,31
46,32
46,37
46,38
46,47
46,51
46,53
46,57
46,69
46,71
46,75
46,83
46,86
46,94
46,98
46,111
46,115
46,132
46,133
46,134
46,145
46,146
47,4
47,19
47,25
47,26
47,33
47,35
47,41
47,53
47,80
47,100
47,105
47,107
47,136
47,162
47,175
48,1
48,2
48,3
48,4
48,7
48,8
48,11
48,12
48,13
48,15
48,16
48,19
48,21
48,23
48,24
48,26
48,27
48,31
48,38
48,46
48,51
48,52
48,71
48,72
48,75
48,79
48,85
48,87
48,89
48,94
48,98
48,108
48,114
48,132
48,140
48,141
48,206
48,213
48,262
49,5
49,15
49,19
49,23
49,26
49,32
49,37
49,38
49,50
49,51
49,59
49,62
49,78
49,85
49,95
49,104
49,171
49,176
50,6
50,11
50,19
50,25
50,32
50,52
51,11
51,25
51,148
52,2
52,16
52,23
52,24
52,25
52,28
52,30
52,33
52,41
52,43
52,51
52,60
52,72
52,78
52,81
52,82
52,91
52,101
52,119
52,128
52,151
52,156
53,24
53,46
53,65
53,90
53,108
53,111
53,124
53,190
53,250
53,278
54,2
54,6
54,7
54,12
54,18
54,24
54,25
54,27
54,31
54,32
54,33
54,35
54,40
54,52
54,65
54,81
54,93
54,101
54,166
55,4
55,5
55,6
55,9
55,11
55,18
55,20
55,25
55,27
55,31
55,47
55,62
55,75
55,93
55,149
55,151
55,152
55,292
56,1
56,2
56,4
56,5
56,6
56,7
56,9
56,10
56,18
56,20
56,23
56,32
56,35
56,61
56,96
56,99
56,106
56,251
57,4
57,11
57,25
57,29
57,31
57,51
57,54
57,55
57,63
57,75
57,89
57,159
57,172
58,0
58,4
58,212
59,1
59,4
59,6
59,7
59,9
59,15
59,16
59,18
59,21
59,25
59,27
59,31
59,32
59,33
59,39
59,40
59,41
59,49
59,50
59,53
59,54
59,55
59,61
59,73
59,76
59,88
59,96
59,101
59,103
59,117
59,141
59,159
59,227
59,252
60,10
60,13
60,27
60,64
60,116
60,231
60,264
61,2
61,4
61,5
61,8
61,16
61,25
61,30
61,33
61,35
61,37
61,43
61,44
61,48
61,49
61,51
61,64
61,70
61,72
61,80
61,133
61,162
61,175
62,9
62,259
63,1
63,18
63,22
63,28
63,34
63,37
63,43
63,48
63,51
63,53
63,54
63,75
63,101
63,119
63,122
63,125
63,169
64,4
64,15
64,24
64,34
64,35
64,44
64,50
64,61
64,79
64,82
64,89
64,106
64,110
64,129
64,135
64,153
64,158
64,186
64,204
64,226
64,250
65,24
65,46
65,65
65,124
65,190
66,9
66,11
66,23
66,25
66,28
66,29
66,31
66,33
66,41
67,7
67,23
67,42
67,55
67,63
67,157
67,159
67,182
67,230
68,60
68,199
69,5
69,16
69,25
69,27
69,38
69,45
69,47
69,55
69,65
69,69
69,75
69,78
69,85
69,122
69,131
69,138
69,148
69,192
69,196
69,206
69,215
69,271
70,0
70,24
70,27
70,46
70,65
71,4
71,6
71,15
71,40
71,77
71,118
72,5
72,16
72,27
72,31
72,44
72,46
72,55
72,59
72,86
72,89
72,90
72,95
73,5
73,6
73,15
73,24
73,65
73,191
74,7
74,25
74,71
74,100
74,106
74,139
75,11
75,13
75,15
75,25
75,27
75,31
75,33
75,47
75,52
75,60
75,62
75,71
75,98
75,99
75,132
75,143
75,155
75,181
75,280
75,292
76,0
76,1
76,4
76,9
76,17
76,22
76,52
76,80
76,165
76,228
77,32
77,37
77,41
77,45
77,105
77,131
78,6
78,15
78,17
78,19
78,26
78,50
78,73
78,118
79,1
79,5
79,9
79,20
79,25
79,29
79,49
79,136
79,191
80,12
80,50
80,68
80,69
80,128
80,147
80,245
81,11
81,30
81,33
81,53
81,63
81,100
81,175
82,5
82,34
82,45
82,59
82,64
82,104
82,121
83,7
83,29
83,152
84,16
84,70
84,93
84,95
84,98
84,100
84,161
84,260
85,16
85,37
85,46
85,51
85,53
85,61
85,65
85,84
85,124
85,239
85,278
86,6
86,7
86,21
86,77
86,89
86,147
87,15
87,20
87,21
87,23
87,25
87,42
87,49
87,71
88,1
88,3
88,19
88,25
88,29
88,42
89,7
89,10
89,19
89,34
89,66
89,73
90,54
90,57
91,82
91,89
91,106
91,147
92,23
92,43
92,59
92,123
93,35
94,25
94,35
95,140
96,27
96,125
